codigo_municipio,Cultivo,Estado físico del cultivo,Año,cantidad_registros,produccion_t,area_ha,rendimiento_t_ha,nombre_departamental,nombre_municipal,clasificacion_territorial,_merge
05001,Papa,En fresco,2024,2,1280.0,80.0,16.0,ANTIOQUIA,MEDELLÍN,Municipio,both
05002,Papa,En fresco,2024,2,1650.0,165.0,10.0,ANTIOQUIA,ABEJORRAL,Municipio,both
05004,Papa,En fresco,2024,4,15.0,5.0,3.0,ANTIOQUIA,ABRIAQUÍ,Municipio,both
05079,Papa,En fresco,2024,2,268.0,34.0,7.882352941176471,ANTIOQUIA,BARBOSA,Municipio,both
05086,Papa,En fresco,2024,3,10550.0,905.0,11.657458563535911,ANTIOQUIA,BELMIRA,Municipio,both
05088,Papa,En fresco,2024,2,1710.0,95.0,18.0,ANTIOQUIA,BELLO,Municipio,both
05093,Papa,En fresco,2024,1,6.0,2.0,3.0,ANTIOQUIA,BETULIA,Municipio,both
05148,Papa,En fresco,2024,4,14757.0,789.0,18.70342205323194,ANTIOQUIA,EL CARMEN DE VIBORAL,Municipio,both
05206,Papa,En fresco,2024,2,1200.0,80.0,15.0,ANTIOQUIA,CONCEPCIÓN,Municipio,both
05237,Papa,En fresco,2024,3,2638.0,103.8,25.414258188824665,ANTIOQUIA,DONMATÍAS,Municipio,both
05264,Papa,En fresco,2024,2,28800.0,960.0,30.0,ANTIOQUIA,ENTRERRÍOS,Municipio,both
05266,Papa,En fresco,2024,4,285.51,28.080000000000002,10.167735042735043,ANTIOQUIA,ENVIGADO,Municipio,both
05308,Papa,En fresco,2024,4,130.0,20.0,6.5,ANTIOQUIA,GIRARDOTA,Municipio,both
05313,Papa,En fresco,2024,4,278.75,16.5,16.893939393939394,ANTIOQUIA,GRANADA,Municipio,both
05318,Papa,En fresco,2024,2,270.0,30.0,9.0,ANTIOQUIA,GUARNE,Municipio,both
05376,Papa,En fresco,2024,2,608.0,38.0,16.0,ANTIOQUIA,LA CEJA,Municipio,both
05400,Papa,En fresco,2024,4,25610.71,1556.79,16.450972835128695,ANTIOQUIA,LA UNIÓN,Municipio,both
05440,Papa,En fresco,2024,3,2944.0,368.0,8.0,ANTIOQUIA,MARINILLA,Municipio,both
05541,Papa,En fresco,2024,2,655.5,45.5,14.406593406593407,ANTIOQUIA,PEÑOL,Municipio,both
05607,Papa,En fresco,2024,2,760.0,76.0,10.0,ANTIOQUIA,RETIRO,Municipio,both
05615,Papa,En fresco,2024,2,222.5,17.0,13.088235294117647,ANTIOQUIA,RIONEGRO,Municipio,both
05647,Papa,En fresco,2024,2,50.0,5.0,10.0,ANTIOQUIA,SAN ANDRÉS DE CUERQUÍA,Municipio,both
05658,Papa,En fresco,2024,2,1450.0,58.0,25.0,ANTIOQUIA,SAN JOSÉ DE LA MONTAÑA,Municipio,both
05664,Papa,En fresco,2024,4,36915.0,991.5,37.231467473524965,ANTIOQUIA,SAN PEDRO DE LOS MILAGROS,Municipio,both
05674,Papa,En fresco,2024,2,21780.0,990.0,22.0,ANTIOQUIA,SAN VICENTE FERRER,Municipio,both
05686,Papa,En fresco,2024,4,56956.0,1168.0,48.763698630136986,ANTIOQUIA,SANTA ROSA DE OSOS,Municipio,both
05697,Papa,En fresco,2024,4,4578.0,300.0,15.26,ANTIOQUIA,EL SANTUARIO,Municipio,both
05756,Papa,En fresco,2024,4,7502.0,533.0,14.075046904315197,ANTIOQUIA,SONSÓN,Municipio,both
05847,Papa,En fresco,2024,4,264.0,20.5,12.878048780487806,ANTIOQUIA,URRAO,Municipio,both
05887,Papa,En fresco,2024,2,6435.0,143.0,45.0,ANTIOQUIA,YARUMAL,Municipio,both
15001,Papa,En fresco,2024,4,64800.0,3430.0,18.892128279883384,BOYACÁ,TUNJA,Municipio,both
15022,Papa,En fresco,2024,3,136.8,16.0,8.55,BOYACÁ,ALMEIDA,Municipio,both
15047,Papa,En fresco,2024,3,2153.0,91.0,23.65934065934066,BOYACÁ,AQUITANIA,Municipio,both
15051,Papa,En fresco,2024,2,61568.0,2507.0,24.558436378141206,BOYACÁ,ARCABUCO,Municipio,both
15087,Papa,En fresco,2024,4,12240.0,735.0,16.653061224489797,BOYACÁ,BELÉN,Municipio,both
15092,Papa,En fresco,2024,3,547.0,35.5,15.408450704225352,BOYACÁ,BETÉITIVA,Municipio,both
15104,Papa,En fresco,2024,3,9650.0,490.0,19.693877551020407,BOYACÁ,BOYACÁ,Municipio,both
15109,Papa,En fresco,2024,3,786.0,45.0,17.466666666666665,BOYACÁ,BUENAVISTA,Municipio,both
15114,Papa,En fresco,2024,2,223.5,15.0,14.9,BOYACÁ,BUSBANZÁ,Municipio,both
15131,Papa,En fresco,2024,4,6900.0,450.0,15.333333333333334,BOYACÁ,CALDAS,Municipio,both
15162,Papa,En fresco,2024,2,2445.0,145.0,16.862068965517242,BOYACÁ,CERINZA,Municipio,both
15172,Papa,En fresco,2024,2,180.0,12.0,15.0,BOYACÁ,CHINAVITA,Municipio,both
15176,Papa,En fresco,2024,3,15540.0,636.0,24.433962264150942,BOYACÁ,CHIQUINQUIRÁ,Municipio,both
15180,Papa,En fresco,2024,2,2340.0,130.0,18.0,BOYACÁ,CHISCAS,Municipio,both
15183,Papa,En fresco,2024,2,5100.0,340.0,15.0,BOYACÁ,CHITA,Municipio,both
15187,Papa,En fresco,2024,2,4200.0,140.0,30.0,BOYACÁ,CHIVATÁ,Municipio,both
15189,Papa,En fresco,2024,4,7872.0,396.0,19.87878787878788,BOYACÁ,CIÉNEGA,Municipio,both
15204,Papa,En fresco,2024,2,22000.0,1100.0,20.0,BOYACÁ,CÓMBITA,Municipio,both
15215,Papa,En fresco,2024,2,40.0,2.0,20.0,BOYACÁ,CORRALES,Municipio,both
15224,Papa,En fresco,2024,1,2750.0,110.0,25.0,BOYACÁ,CUCAITA,Municipio,both
15226,Papa,En fresco,2024,4,1137.5,47.3,24.04862579281184,BOYACÁ,CUÍTIVA,Municipio,both
15232,Papa,En fresco,2024,3,24355.0,1235.5,19.71266693646297,BOYACÁ,CHÍQUIZA,Municipio,both
15236,Papa,En fresco,2024,2,46.4,2.9,16.0,BOYACÁ,CHIVOR,Municipio,both
15238,Papa,En fresco,2024,4,972.0,49.0,19.836734693877553,BOYACÁ,DUITAMA,Municipio,both
15244,Papa,En fresco,2024,2,4200.0,350.0,12.0,BOYACÁ,EL COCUY,Municipio,both
15248,Papa,En fresco,2024,2,136.0,17.0,8.0,BOYACÁ,EL ESPINO,Municipio,both
15272,Papa,En fresco,2024,2,4060.0,203.0,20.0,BOYACÁ,FIRAVITOBA,Municipio,both
15276,Papa,En fresco,2024,1,705.0,47.0,15.0,BOYACÁ,FLORESTA,Municipio,both
15293,Papa,En fresco,2024,2,2100.0,105.0,20.0,BOYACÁ,GACHANTIVÁ,Municipio,both
15296,Papa,En fresco,2024,2,8700.0,580.0,15.0,BOYACÁ,GÁMEZA,Municipio,both
15299,Papa,En fresco,2024,2,35.0,5.0,7.0,BOYACÁ,GARAGOA,Municipio,both
15317,Papa,En fresco,2024,1,100.0,10.0,10.0,BOYACÁ,GUACAMAYAS,Municipio,both
15332,Papa,En fresco,2024,4,565.0,50.0,11.3,BOYACÁ,GÜICÁN DE LA SIERRA,Municipio,both
15362,Papa,En fresco,2024,2,280.0,14.0,20.0,BOYACÁ,IZA,Municipio,both
15367,Papa,En fresco,2024,2,18700.0,850.0,22.0,BOYACÁ,JENESANO,Municipio,both
15368,Papa,En fresco,2024,2,8250.0,550.0,15.0,BOYACÁ,JERICÓ,Municipio,both
15377,Papa,En fresco,2024,2,100.0,10.0,10.0,BOYACÁ,LABRANZAGRANDE,Municipio,both
15403,Papa,En fresco,2024,4,892.5,39.5,22.59493670886076,BOYACÁ,LA UVITA,Municipio,both
15407,Papa,En fresco,2024,2,4289.0,212.0,20.2311320754717,BOYACÁ,VILLA DE LEYVA,Municipio,both
15425,Papa,En fresco,2024,2,140.0,11.0,12.727272727272727,BOYACÁ,MACANAL,Municipio,both
15442,Papa,En fresco,2024,3,201.4,12.0,16.783333333333335,BOYACÁ,MARIPÍ,Municipio,both
15464,Papa,En fresco,2024,2,8280.0,345.0,24.0,BOYACÁ,MONGUA,Municipio,both
15466,Papa,En fresco,2024,4,2030.0,115.0,17.652173913043477,BOYACÁ,MONGUÍ,Municipio,both
15476,Papa,En fresco,2024,3,36940.0,1234.0,29.93517017828201,BOYACÁ,MOTAVITA,Municipio,both
15491,Papa,En fresco,2024,2,300.0,12.0,25.0,BOYACÁ,NOBSA,Municipio,both
15494,Papa,En fresco,2024,2,8360.0,380.0,22.0,BOYACÁ,NUEVO COLÓN,Municipio,both
15500,Papa,En fresco,2024,2,1965.0,100.0,19.65,BOYACÁ,OICATÁ,Municipio,both
15511,Papa,En fresco,2024,2,390.0,26.0,15.0,BOYACÁ,PACHAVITA,Municipio,both
15516,Papa,En fresco,2024,2,2344.0,146.5,16.0,BOYACÁ,PAIPA,Municipio,both
15518,Papa,En fresco,2024,1,10.0,1.0,10.0,BOYACÁ,PAJARITO,Municipio,both
15522,Papa,En fresco,2024,2,500.0,25.0,20.0,BOYACÁ,PANQUEBA,Municipio,both
15531,Papa,En fresco,2024,4,829.0,67.0,12.373134328358208,BOYACÁ,PAUNA,Municipio,both
15537,Papa,En fresco,2024,2,776.6,43.9,17.690205011389523,BOYACÁ,PAZ DE RÍO,Municipio,both
15542,Papa,En fresco,2024,2,5675.0,227.0,25.0,BOYACÁ,PESCA,Municipio,both
15550,Papa,En fresco,2024,1,36.0,3.0,12.0,BOYACÁ,PISBA,Municipio,both
15599,Papa,En fresco,2024,4,6630.0,326.0,20.337423312883434,BOYACÁ,RAMIRIQUÍ,Municipio,both
15600,Papa,En fresco,2024,2,6900.0,460.0,15.0,BOYACÁ,RÁQUIRA,Municipio,both
15621,Papa,En fresco,2024,2,196.0,14.0,14.0,BOYACÁ,RONDÓN,Municipio,both
15632,Papa,En fresco,2024,4,75100.0,4250.0,17.67058823529412,BOYACÁ,SABOYÁ,Municipio,both
15646,Papa,En fresco,2024,2,25920.0,1080.0,24.0,BOYACÁ,SAMACÁ,Municipio,both
15676,Papa,En fresco,2024,4,1119.0,51.0,21.941176470588236,BOYACÁ,SAN MIGUEL DE SEMA,Municipio,both
15693,Papa,En fresco,2024,4,1958.48,130.0,15.06523076923077,BOYACÁ,SANTA ROSA DE VITERBO,Municipio,both
15696,Papa,En fresco,2024,2,940.0,55.0,17.09090909090909,BOYACÁ,SANTA SOFÍA,Municipio,both
15720,Papa,En fresco,2024,1,1200.0,60.0,20.0,BOYACÁ,SATIVANORTE,Municipio,both
15723,Papa,En fresco,2024,2,270.0,18.0,15.0,BOYACÁ,SATIVASUR,Municipio,both
15740,Papa,En fresco,2024,4,168760.0,6610.0,25.531013615733738,BOYACÁ,SIACHOQUE,Municipio,both
15753,Papa,En fresco,2024,2,316.8,17.599999999999998,18.000000000000004,BOYACÁ,SOATÁ,Municipio,both
15755,Papa,En fresco,2024,4,10660.0,535.0,19.925233644859812,BOYACÁ,SOCOTÁ,Municipio,both
15757,Papa,En fresco,2024,2,360.0,18.0,20.0,BOYACÁ,SOCHA,Municipio,both
15759,Papa,En fresco,2024,4,9548.0,384.0,24.864583333333332,BOYACÁ,SOGAMOSO,Municipio,both
15761,Papa,En fresco,2024,4,1505.0,72.0,20.90277777777778,BOYACÁ,SOMONDOCO,Municipio,both
15762,Papa,En fresco,2024,2,5000.0,280.0,17.857142857142858,BOYACÁ,SORA,Municipio,both
15763,Papa,En fresco,2024,2,11484.0,522.0,22.0,BOYACÁ,SOTAQUIRÁ,Municipio,both
15764,Papa,En fresco,2024,4,34100.0,1640.0,20.79268292682927,BOYACÁ,SORACÁ,Municipio,both
15774,Papa,En fresco,2024,2,7824.0,332.0,23.566265060240966,BOYACÁ,SUSACÓN,Municipio,both
15776,Papa,En fresco,2024,2,2820.0,190.0,14.842105263157896,BOYACÁ,SUTAMARCHÁN,Municipio,both
15790,Papa,En fresco,2024,4,1520.0,70.0,21.714285714285715,BOYACÁ,TASCO,Municipio,both
15804,Papa,En fresco,2024,2,4403.0,238.0,18.5,BOYACÁ,TIBANÁ,Municipio,both
15806,Papa,En fresco,2024,2,1950.0,65.0,30.0,BOYACÁ,TIBASOSA,Municipio,both
15808,Papa,En fresco,2024,4,781.0,34.5,22.63768115942029,BOYACÁ,TINJACÁ,Municipio,both
15810,Papa,En fresco,2024,3,19.25,2.0,9.625,BOYACÁ,TIPACOQUE,Municipio,both
15814,Papa,En fresco,2024,2,48750.0,1950.0,25.0,BOYACÁ,TOCA,Municipio,both
15816,Papa,En fresco,2024,3,167.5,15.0,11.166666666666666,BOYACÁ,TOGÜÍ,Municipio,both
15820,Papa,En fresco,2024,2,688.0,43.0,16.0,BOYACÁ,TÓPAGA,Municipio,both
15822,Papa,En fresco,2024,2,13650.0,700.0,19.5,BOYACÁ,TOTA,Municipio,both
15835,Papa,En fresco,2024,2,12910.0,550.0,23.472727272727273,BOYACÁ,TURMEQUÉ,Municipio,both
15837,Papa,En fresco,2024,2,4625.0,185.0,25.0,BOYACÁ,TUTA,Municipio,both
15839,Papa,En fresco,2024,4,21061.0,952.0,22.122899159663866,BOYACÁ,TUTAZÁ,Municipio,both
15842,Papa,En fresco,2024,4,43450.0,2015.0,21.563275434243177,BOYACÁ,ÚMBITA,Municipio,both
15861,Papa,En fresco,2024,4,80595.0,3835.0,21.015645371577573,BOYACÁ,VENTAQUEMADA,Municipio,both
15879,Papa,En fresco,2024,4,13525.2,891.0,15.17979797979798,BOYACÁ,VIRACACHÁ,Municipio,both
17001,Papa,En fresco,2024,2,1100.0,100.0,11.0,CALDAS,MANIZALES,Municipio,both
17013,Papa,En fresco,2024,2,252.0,36.0,7.0,CALDAS,AGUADAS,Municipio,both
17446,Papa,En fresco,2024,4,560.0,34.0,16.470588235294116,CALDAS,MARULANDA,Municipio,both
17541,Papa,En fresco,2024,2,1663.8,78.0,21.33076923076923,CALDAS,PENSILVANIA,Municipio,both
17653,Papa,En fresco,2024,2,900.0,70.0,12.857142857142858,CALDAS,SALAMINA,Municipio,both
17873,Papa,En fresco,2024,2,1870.0,95.0,19.68421052631579,CALDAS,VILLAMARÍA,Municipio,both
19001,Papa,En fresco,2024,2,10.5,2.0,5.25,CAUCA,POPAYÁN,Municipio,both
19022,Papa,En fresco,2024,2,3525.0,235.0,15.0,CAUCA,ALMAGUER,Municipio,both
19050,Papa,En fresco,2024,1,31.5,1.5,21.0,CAUCA,ARGELIA,Municipio,both
19100,Papa,En fresco,2024,2,1640.0,90.0,18.22222222222222,CAUCA,BOLÍVAR,Municipio,both
19212,Papa,En fresco,2024,1,36.0,4.0,9.0,CAUCA,CORINTO,Municipio,both
19355,Papa,En fresco,2024,1,300.0,30.0,10.0,CAUCA,INZÁ,Municipio,both
19364,Papa,En fresco,2024,2,139.19,44.9,3.1,CAUCA,JAMBALÓ,Municipio,both
19397,Papa,En fresco,2024,1,1200.0,100.0,12.0,CAUCA,LA VEGA,Municipio,both
19517,Papa,En fresco,2024,1,840.0,60.0,14.0,CAUCA,PÁEZ,Municipio,both
19585,Papa,En fresco,2024,2,27440.0,1372.0,20.0,CAUCA,PURACÉ,Municipio,both
19693,Papa,En fresco,2024,2,21420.0,1020.0,21.0,CAUCA,SAN SEBASTIÁN,Municipio,both
19701,Papa,En fresco,2024,2,89.1,4.3,20.72093023255814,CAUCA,SANTA ROSA,Municipio,both
19743,Papa,En fresco,2024,2,4986.0,277.0,18.0,CAUCA,SILVIA,Municipio,both
19760,Papa,En fresco,2024,2,3800.0,220.0,17.272727272727273,CAUCA,SOTARÁ - PAISPAMBA,Municipio,both
19821,Papa,En fresco,2024,4,202.0,16.0,12.625,CAUCA,TORIBÍO,Municipio,both
19824,Papa,En fresco,2024,4,36532.0,1338.0,27.303437967115098,CAUCA,TOTORÓ,Municipio,both
25019,Papa,En fresco,2024,2,235.0,13.0,18.076923076923077,CUNDINAMARCA,ALBÁN,Municipio,both
25053,Papa,En fresco,2024,2,870.0,58.0,15.0,CUNDINAMARCA,ARBELÁEZ,Municipio,both
25099,Papa,En fresco,2024,4,11900.0,630.0,18.88888888888889,CUNDINAMARCA,BOJACÁ,Municipio,both
25120,Papa,En fresco,2024,2,897.0,69.0,13.0,CUNDINAMARCA,CABRERA,Municipio,both
25126,Papa,En fresco,2024,2,879.5,51.4,17.110894941634243,CUNDINAMARCA,CAJICÁ,Municipio,both
25151,Papa,En fresco,2024,4,4876.0,243.5,20.024640657084188,CUNDINAMARCA,CÁQUEZA,Municipio,both
25154,Papa,En fresco,2024,4,29248.0,1473.0,19.856076035302106,CUNDINAMARCA,CARMEN DE CARUPA,Municipio,both
25175,Papa,En fresco,2024,2,2750.0,125.0,22.0,CUNDINAMARCA,CHÍA,Municipio,both
25178,Papa,En fresco,2024,4,3130.0,114.0,27.45614035087719,CUNDINAMARCA,CHIPAQUE,Municipio,both
25181,Papa,En fresco,2024,3,1750.0,125.0,14.0,CUNDINAMARCA,CHOACHÍ,Municipio,both
25183,Papa,En fresco,2024,3,40900.0,1560.0,26.21794871794872,CUNDINAMARCA,CHOCONTÁ,Municipio,both
25200,Papa,En fresco,2024,2,14200.0,710.0,20.0,CUNDINAMARCA,COGUA,Municipio,both
25214,Papa,En fresco,2024,2,1797.9,69.15,26.0,CUNDINAMARCA,COTA,Municipio,both
25224,Papa,En fresco,2024,4,5185.0,245.0,21.163265306122447,CUNDINAMARCA,CUCUNUBÁ,Municipio,both
25260,Papa,En fresco,2024,4,18340.0,840.0,21.833333333333332,CUNDINAMARCA,EL ROSAL,Municipio,both
25269,Papa,En fresco,2024,4,16186.0,824.0,19.643203883495147,CUNDINAMARCA,FACATATIVÁ,Municipio,both
25281,Papa,En fresco,2024,3,6398.0,332.0,19.271084337349397,CUNDINAMARCA,FOSCA,Municipio,both
25286,Papa,En fresco,2024,2,7130.0,260.0,27.423076923076923,CUNDINAMARCA,FUNZA,Municipio,both
25288,Papa,En fresco,2024,4,5352.0,244.0,21.934426229508198,CUNDINAMARCA,FÚQUENE,Municipio,both
25293,Papa,En fresco,2024,2,56.0,4.0,14.0,CUNDINAMARCA,GACHALÁ,Municipio,both
25295,Papa,En fresco,2024,1,148.0,8.0,18.5,CUNDINAMARCA,GACHANCIPÁ,Municipio,both
25297,Papa,En fresco,2024,2,378.0,21.0,18.0,CUNDINAMARCA,GACHETÁ,Municipio,both
25299,Papa,En fresco,2024,2,216.0,10.0,21.6,CUNDINAMARCA,GAMA,Municipio,both
25312,Papa,En fresco,2024,4,4240.0,208.0,20.384615384615383,CUNDINAMARCA,GRANADA,Municipio,both
25317,Papa,En fresco,2024,4,12416.0,626.0,19.833865814696484,CUNDINAMARCA,GUACHETÁ,Municipio,both
25322,Papa,En fresco,2024,4,6696.0,320.0,20.925,CUNDINAMARCA,GUASCA,Municipio,both
25326,Papa,En fresco,2024,3,43385.0,1405.0,30.87900355871886,CUNDINAMARCA,GUATAVITA,Municipio,both
25339,Papa,En fresco,2024,3,310.0,19.0,16.31578947368421,CUNDINAMARCA,GUTIÉRREZ,Municipio,both
25372,Papa,En fresco,2024,2,1540.0,110.0,14.0,CUNDINAMARCA,JUNÍN,Municipio,both
25377,Papa,En fresco,2024,4,49443.0,1974.0,25.04711246200608,CUNDINAMARCA,LA CALERA,Municipio,both
25407,Papa,En fresco,2024,4,28020.0,960.0,29.1875,CUNDINAMARCA,LENGUAZAQUE,Municipio,both
25426,Papa,En fresco,2024,4,11105.0,475.0,23.378947368421052,CUNDINAMARCA,MACHETÁ,Municipio,both
25430,Papa,En fresco,2024,2,28194.35,1263.1,22.321550154382077,CUNDINAMARCA,MADRID,Municipio,both
25436,Papa,En fresco,2024,2,1044.0,58.0,18.0,CUNDINAMARCA,MANTA,Municipio,both
25473,Papa,En fresco,2024,2,13350.0,445.0,30.0,CUNDINAMARCA,MOSQUERA,Municipio,both
25486,Papa,En fresco,2024,3,765.0,35.0,21.857142857142858,CUNDINAMARCA,NEMOCÓN,Municipio,both
25513,Papa,En fresco,2024,4,10890.0,650.0,16.753846153846155,CUNDINAMARCA,PACHO,Municipio,both
25535,Papa,En fresco,2024,2,39983.0,2157.0,18.53639313861845,CUNDINAMARCA,PASCA,Municipio,both
25594,Papa,En fresco,2024,3,917.8,55.0,16.687272727272727,CUNDINAMARCA,QUETAME,Municipio,both
25649,Papa,En fresco,2024,2,484.0,22.0,22.0,CUNDINAMARCA,SAN BERNARDO,Municipio,both
25653,Papa,En fresco,2024,4,27524.0,1384.0,19.887283236994218,CUNDINAMARCA,SAN CAYETANO,Municipio,both
25736,Papa,En fresco,2024,2,49122.0,1286.0,38.19751166407465,CUNDINAMARCA,SESQUILÉ,Municipio,both
25740,Papa,En fresco,2024,4,57854.0,2557.0,22.625733281188893,CUNDINAMARCA,SIBATÉ,Municipio,both
25745,Papa,En fresco,2024,2,3270.0,128.0,25.546875,CUNDINAMARCA,SIMIJACA,Municipio,both
25754,Papa,En fresco,2024,3,3074.4,512.4,6.0,CUNDINAMARCA,SOACHA,Municipio,both
25758,Papa,En fresco,2024,2,4522.5,135.0,33.5,CUNDINAMARCA,SOPÓ,Municipio,both
25769,Papa,En fresco,2024,4,17210.0,750.0,22.946666666666665,CUNDINAMARCA,SUBACHOQUE,Municipio,both
25772,Papa,En fresco,2024,4,27920.0,1128.0,24.75177304964539,CUNDINAMARCA,SUESCA,Municipio,both
25779,Papa,En fresco,2024,4,7430.0,370.0,20.08108108108108,CUNDINAMARCA,SUSA,Municipio,both
25781,Papa,En fresco,2024,2,4600.0,170.0,27.058823529411764,CUNDINAMARCA,SUTATAUSA,Municipio,both
25785,Papa,En fresco,2024,4,5260.4,217.2,24.21915285451197,CUNDINAMARCA,TABIO,Municipio,both
25793,Papa,En fresco,2024,4,329280.0,15220.0,21.634691195795007,CUNDINAMARCA,TAUSA,Municipio,both
25799,Papa,En fresco,2024,3,22760.0,800.0,28.45,CUNDINAMARCA,TENJO,Municipio,both
25817,Papa,En fresco,2024,2,1035.0,45.0,23.0,CUNDINAMARCA,TOCANCIPÁ,Municipio,both
25839,Papa,En fresco,2024,2,230.0,11.0,20.90909090909091,CUNDINAMARCA,UBALÁ,Municipio,both
25841,Papa,En fresco,2024,4,23711.5,1205.5,19.669431771049357,CUNDINAMARCA,UBAQUE,Municipio,both
25843,Papa,En fresco,2024,4,21820.0,1100.0,19.836363636363636,CUNDINAMARCA,VILLA DE SAN DIEGO DE UBATÉ,Municipio,both
25845,Papa,En fresco,2024,4,61594.0,2452.0,25.119902120717782,CUNDINAMARCA,UNE,Municipio,both
25873,Papa,En fresco,2024,4,465060.0,16060.0,28.957658779576587,CUNDINAMARCA,VILLAPINZÓN,Municipio,both
25898,Papa,En fresco,2024,4,9300.0,375.0,24.8,CUNDINAMARCA,ZIPACÓN,Municipio,both
25899,Papa,En fresco,2024,4,48260.0,2290.0,21.074235807860262,CUNDINAMARCA,ZIPAQUIRÁ,Municipio,both
41001,Papa,En fresco,2024,2,14.0,2.0,7.0,HUILA,NEIVA,Municipio,both
41206,Papa,En fresco,2024,2,110.0,22.0,5.0,HUILA,COLOMBIA,Municipio,both
41359,Papa,En fresco,2024,2,21.0,3.5,6.0,HUILA,ISNOS,Municipio,both
41396,Papa,En fresco,2024,2,88.0,11.0,8.0,HUILA,LA PLATA,Municipio,both
41668,Papa,En fresco,2024,2,24.0,6.0,4.0,HUILA,SAN AGUSTÍN,Municipio,both
52001,Papa,En fresco,2024,4,139880.0,6710.0,20.84649776453055,NARIÑO,PASTO,Municipio,both
52022,Papa,En fresco,2024,2,6750.0,400.0,16.875,NARIÑO,ALDANA,Municipio,both
52036,Papa,En fresco,2024,3,514.0,38.0,13.526315789473685,NARIÑO,ANCUYA,Municipio,both
52083,Papa,En fresco,2024,2,282.0,22.0,12.818181818181818,NARIÑO,BELÉN,Municipio,both
52110,Papa,En fresco,2024,2,750.0,50.0,15.0,NARIÑO,BUESACO,Municipio,both
52210,Papa,En fresco,2024,2,20000.0,1000.0,20.0,NARIÑO,CONTADERO,Municipio,both
52215,Papa,En fresco,2024,4,9720.0,530.0,18.339622641509433,NARIÑO,CÓRDOBA,Municipio,both
52224,Papa,En fresco,2024,3,16940.0,900.0,18.822222222222223,NARIÑO,CUASPUD CARLOSAMA,Municipio,both
52227,Papa,En fresco,2024,4,14200.0,815.0,17.42331288343558,NARIÑO,CUMBAL,Municipio,both
52240,Papa,En fresco,2024,2,49.0,4.5,10.88888888888889,NARIÑO,CHACHAGÜÍ,Municipio,both
52258,Papa,En fresco,2024,1,105.0,7.0,15.0,NARIÑO,EL TABLÓN DE GÓMEZ,Municipio,both
52287,Papa,En fresco,2024,2,217.0,27.0,8.037037037037036,NARIÑO,FUNES,Municipio,both
52317,Papa,En fresco,2024,4,11524.0,652.0,17.67484662576687,NARIÑO,GUACHUCAL,Municipio,both
52320,Papa,En fresco,2024,3,6800.0,280.0,24.285714285714285,NARIÑO,GUAITARILLA,Municipio,both
52323,Papa,En fresco,2024,3,20250.0,1065.0,19.014084507042252,NARIÑO,GUALMATÁN,Municipio,both
52352,Papa,En fresco,2024,4,6390.0,415.0,15.397590361445783,NARIÑO,ILES,Municipio,both
52354,Papa,En fresco,2024,4,13132.5,760.0,17.279605263157894,NARIÑO,IMUÉS,Municipio,both
52356,Papa,En fresco,2024,4,36621.0,2069.0,17.699855002416626,NARIÑO,IPIALES,Municipio,both
52378,Papa,En fresco,2024,2,2860.0,143.0,20.0,NARIÑO,LA CRUZ,Municipio,both
52381,Papa,En fresco,2024,4,138.0,11.0,12.545454545454545,NARIÑO,LA FLORIDA,Municipio,both
52385,Papa,En fresco,2024,2,18.2,4.0,4.55,NARIÑO,LA LLANADA,Municipio,both
52418,Papa,En fresco,2024,1,18.0,2.0,9.0,NARIÑO,LOS ANDES,Municipio,both
52435,Papa,En fresco,2024,1,750.0,75.0,10.0,NARIÑO,MALLAMA,Municipio,both
52480,Papa,En fresco,2024,3,170.0,17.0,10.0,NARIÑO,NARIÑO,Municipio,both
52506,Papa,En fresco,2024,2,41600.0,2000.0,20.8,NARIÑO,OSPINA,Municipio,both
52560,Papa,En fresco,2024,4,157520.0,6970.0,22.59971305595409,NARIÑO,POTOSÍ,Municipio,both
52565,Papa,En fresco,2024,3,2669.0,138.0,19.340579710144926,NARIÑO,PROVIDENCIA,Municipio,both
52573,Papa,En fresco,2024,4,8374.0,491.5,17.037639877924722,NARIÑO,PUERRES,Municipio,both
52585,Papa,En fresco,2024,4,90575.0,3665.0,24.713506139154163,NARIÑO,PUPIALES,Municipio,both
52678,Papa,En fresco,2024,2,740.0,55.0,13.454545454545455,NARIÑO,SAMANIEGO,Municipio,both
52683,Papa,En fresco,2024,3,147.0,9.0,16.333333333333332,NARIÑO,SANDONÁ,Municipio,both
52685,Papa,En fresco,2024,2,180.0,15.0,12.0,NARIÑO,SAN BERNARDO,Municipio,both
52693,Papa,En fresco,2024,1,64.0,4.0,16.0,NARIÑO,SAN PABLO,Municipio,both
52699,Papa,En fresco,2024,2,405.0,27.0,15.0,NARIÑO,SANTACRUZ,Municipio,both
52720,Papa,En fresco,2024,4,24170.0,1415.0,17.081272084805654,NARIÑO,SAPUYES,Municipio,both
52788,Papa,En fresco,2024,2,14775.0,730.0,20.23972602739726,NARIÑO,TANGUA,Municipio,both
52838,Papa,En fresco,2024,4,129230.0,6210.0,20.80998389694042,NARIÑO,TÚQUERRES,Municipio,both
52885,Papa,En fresco,2024,3,6100.0,318.0,19.18238993710692,NARIÑO,YACUANQUER,Municipio,both
54125,Papa,En fresco,2024,4,3490.0,165.0,21.151515151515152,NORTE DE SANTANDER,CÁCOTA,Municipio,both
54172,Papa,En fresco,2024,2,30.0,2.0,15.0,NORTE DE SANTANDER,CHINÁCOTA,Municipio,both
54174,Papa,En fresco,2024,4,16921.0,1198.5,14.118481435127242,NORTE DE SANTANDER,CHITAGÁ,Municipio,both
54347,Papa,En fresco,2024,4,334.0,22.0,15.181818181818182,NORTE DE SANTANDER,HERRÁN,Municipio,both
54377,Papa,En fresco,2024,3,240.0,16.0,15.0,NORTE DE SANTANDER,LABATECA,Municipio,both
54480,Papa,En fresco,2024,4,6730.0,295.0,22.8135593220339,NORTE DE SANTANDER,MUTISCUA,Municipio,both
54518,Papa,En fresco,2024,4,7488.0,526.0,14.23574144486692,NORTE DE SANTANDER,PAMPLONA,Municipio,both
54743,Papa,En fresco,2024,4,45980.0,2299.0,20.0,NORTE DE SANTANDER,SILOS,Municipio,both
68020,Papa,En fresco,2024,2,2709.0,150.5,18.0,SANTANDER,ALBANIA,Municipio,both
68101,Papa,En fresco,2024,2,1342.0,61.0,22.0,SANTANDER,BOLÍVAR,Municipio,both
68132,Papa,En fresco,2024,4,131.0,12.0,10.916666666666666,SANTANDER,CALIFORNIA,Municipio,both
68152,Papa,En fresco,2024,2,13120.0,820.0,16.0,SANTANDER,CARCASÍ,Municipio,both
68162,Papa,En fresco,2024,2,19800.0,900.0,22.0,SANTANDER,CERRITO,Municipio,both
68207,Papa,En fresco,2024,4,4590.2,211.0,21.754502369668245,SANTANDER,CONCEPCIÓN,Municipio,both
68245,Papa,En fresco,2024,1,5.0,0.5,10.0,SANTANDER,EL GUACAMAYO,Municipio,both
68264,Papa,En fresco,2024,2,300.0,50.0,6.0,SANTANDER,ENCINO,Municipio,both
68298,Papa,En fresco,2024,2,155.6,20.0,7.779999999999999,SANTANDER,GÁMBITA,Municipio,both
68318,Papa,En fresco,2024,4,13994.0,683.0,20.489019033674964,SANTANDER,GUACA,Municipio,both
68368,Papa,En fresco,2024,2,62.0,4.0,15.5,SANTANDER,JESÚS MARÍA,Municipio,both
68377,Papa,En fresco,2024,2,251.35,9.4,26.73936170212766,SANTANDER,LA BELLEZA,Municipio,both
68432,Papa,En fresco,2024,1,23.0,1.0,23.0,SANTANDER,MÁLAGA,Municipio,both
68468,Papa,En fresco,2024,2,378.0,20.0,18.9,SANTANDER,MOLAGAVITA,Municipio,both
68502,Papa,En fresco,2024,2,1360.0,85.0,16.0,SANTANDER,ONZAGA,Municipio,both
68572,Papa,En fresco,2024,2,630.0,42.0,15.0,SANTANDER,PUENTE NACIONAL,Municipio,both
68669,Papa,En fresco,2024,2,1200.0,60.0,20.0,SANTANDER,SAN ANDRÉS,Municipio,both
68682,Papa,En fresco,2024,2,42.0,6.0,7.0,SANTANDER,SAN JOAQUÍN,Municipio,both
68773,Papa,En fresco,2024,2,36.0,2.4,15.0,SANTANDER,SUCRE,Municipio,both
68820,Papa,En fresco,2024,2,23260.0,850.0,27.36470588235294,SANTANDER,TONA,Municipio,both
68861,Papa,En fresco,2024,1,2940.0,84.0,35.0,SANTANDER,VÉLEZ,Municipio,both
68867,Papa,En fresco,2024,4,192.5,10.0,19.25,SANTANDER,VETAS,Municipio,both
73043,Papa,En fresco,2024,2,3264.0,204.0,16.0,TOLIMA,ANZOÁTEGUI,Municipio,both
73124,Papa,En fresco,2024,4,642.0,52.0,12.346153846153847,TOLIMA,CAJAMARCA,Municipio,both
73152,Papa,En fresco,2024,2,6175.0,385.0,16.038961038961038,TOLIMA,CASABIANCA,Municipio,both
73347,Papa,En fresco,2024,2,7280.0,400.0,18.2,TOLIMA,HERVEO,Municipio,both
73461,Papa,En fresco,2024,4,5794.0,256.0,22.6328125,TOLIMA,MURILLO,Municipio,both
73622,Papa,En fresco,2024,4,3935.0,221.0,17.805429864253394,TOLIMA,RONCESVALLES,Municipio,both
73686,Papa,En fresco,2024,3,2658.0,221.5,12.0,TOLIMA,SANTA ISABEL,Municipio,both
73870,Papa,En fresco,2024,2,270.0,45.0,6.0,TOLIMA,VILLAHERMOSA,Municipio,both
76111,Papa,En fresco,2024,2,356.0,23.0,15.478260869565217,VALLE DEL CAUCA,GUADALAJARA DE BUGA,Municipio,both
76736,Papa,En fresco,2024,2,432.0,37.0,11.675675675675675,VALLE DEL CAUCA,SEVILLA,Municipio,both
76834,Papa,En fresco,2024,2,8570.0,490.0,17.489795918367346,VALLE DEL CAUCA,TULUÁ,Municipio,both
85136,Papa,En fresco,2024,1,24.0,6.0,4.0,CASANARE,LA SALINA,Municipio,both
86749,Papa,En fresco,2024,1,78.0,6.0,13.0,PUTUMAYO,SIBUNDOY,Municipio,both
86755,Papa,En fresco,2024,1,20.0,2.0,10.0,PUTUMAYO,SAN FRANCISCO,Municipio,both
86760,Papa,En fresco,2024,1,60.0,4.0,15.0,PUTUMAYO,SANTIAGO,Municipio,both
