anio,Cultivo,registros,total_anual,porcentaje_anual
2023,Papa,239,2436,9.811165845648604
2023,Maíz,194,2436,7.963875205254515
2023,Arveja,176,2436,7.224958949096879
2023,Frijol,162,2436,6.65024630541872
2023,Tomate,113,2436,4.638752052545156
2023,Cebolla de bulbo,93,2436,3.8177339901477834
2023,Yuca,82,2436,3.3661740558292284
2023,Caña,63,2436,2.586206896551724
2023,Trigo,58,2436,2.380952380952381
2023,Mora,51,2436,2.0935960591133003
2023,Tomate de árbol,49,2436,2.0114942528735633
2023,Aguacate,48,2436,1.9704433497536946
2023,Arracacha,48,2436,1.9704433497536946
2023,Café,48,2436,1.9704433497536946
2023,Haba,44,2436,1.8062397372742198
2023,Zanahoria,44,2436,1.8062397372742198
2023,Otras hortalizas,41,2436,1.6830870279146142
2023,Durazno o albaricoque,40,2436,1.6420361247947455
2023,Limón,40,2436,1.6420361247947455
2023,Cebada,39,2436,1.600985221674877
2023,Naranja,38,2436,1.5599343185550083
2023,Plátano,38,2436,1.5599343185550083
2023,Lulo,36,2436,1.477832512315271
2023,Habichuela,30,2436,1.2315270935960592
2023,Lechuga,27,2436,1.1083743842364533
2023,Fresa,25,2436,1.026272577996716
2023,Uchuva,25,2436,1.026272577996716
2023,Ahuyama,23,2436,0.9441707717569787
2023,Gulupa o cholupa,23,2436,0.9441707717569787
2023,Mandarina,23,2436,0.9441707717569787
2023,Cacao,21,2436,0.8620689655172413
2023,Pimentón,21,2436,0.8620689655172413
2023,Feijoa,19,2436,0.7799671592775042
2023,Granadilla,19,2436,0.7799671592775042
2023,Pepino Guiso,19,2436,0.7799671592775042
2023,Arándano,18,2436,0.7389162561576355
2023,Ciruela,17,2436,0.6978653530377669
2023,Curuba,17,2436,0.6978653530377669
2023,Guanábana,17,2436,0.6978653530377669
2023,Manzana,16,2436,0.6568144499178982
2023,Cilantro,15,2436,0.6157635467980296
2023,Guayaba,15,2436,0.6157635467980296
2023,Avena,14,2436,0.5747126436781609
2023,Cebolla de rama,13,2436,0.5336617405582923
2023,Quinua,13,2436,0.5336617405582923
2023,"Calabacín, calabaza",12,2436,0.49261083743842365
2023,Remolacha,11,2436,0.45155993431855496
2023,Banano,10,2436,0.41050903119868637
2023,Maracuyá,10,2436,0.41050903119868637
2023,Pera,10,2436,0.41050903119868637
2023,Pitahaya,10,2436,0.41050903119868637
2023,Pepino Cohombro,9,2436,0.3694581280788177
2023,"Malanga, achín, yota, papa china, bore",8,2436,0.3284072249589491
2023,Mango,8,2436,0.3284072249589491
2023,Ajo,7,2436,0.28735632183908044
2023,Brevo,6,2436,0.24630541871921183
2023,Maní,6,2436,0.24630541871921183
2023,Repollo,6,2436,0.24630541871921183
2023,Uva,6,2436,0.24630541871921183
2023,Acelga,5,2436,0.20525451559934318
2023,Brócoli,5,2436,0.20525451559934318
2023,Espinaca,5,2436,0.20525451559934318
2023,Higo,5,2436,0.20525451559934318
2023,Nabo,5,2436,0.20525451559934318
2023,Papaya,5,2436,0.20525451559934318
2023,Zapote,5,2436,0.20525451559934318
2023,Achira,4,2436,0.16420361247947454
2023,Garbanzo,4,2436,0.16420361247947454
2023,Melón,4,2436,0.16420361247947454
2023,Plantas aromáticas,4,2436,0.16420361247947454
2023,Agraz - mortiño,3,2436,0.12315270935960591
2023,Arazá,3,2436,0.12315270935960591
2023,Chamba,3,2436,0.12315270935960591
2023,Chirimoya,3,2436,0.12315270935960591
2023,Coliflor,3,2436,0.12315270935960591
2023,Fique,3,2436,0.12315270935960591
2023,Frambuesa,3,2436,0.12315270935960591
2023,Guatila,3,2436,0.12315270935960591
2023,Sacha inchi,3,2436,0.12315270935960591
2023,Sábila,3,2436,0.12315270935960591
2023,Borojó,2,2436,0.08210180623973727
2023,Laurel,2,2436,0.08210180623973727
2023,Papayuela -Babaco,2,2436,0.08210180623973727
2023,Patilla,2,2436,0.08210180623973727
2023,Piña,2,2436,0.08210180623973727
2023,Tabaco,2,2436,0.08210180623973727
2023,Ají,1,2436,0.041050903119868636
2023,Berenjena,1,2436,0.041050903119868636
2023,Chontaduro,1,2436,0.041050903119868636
2023,Dátil,1,2436,0.041050903119868636
2023,Guandul,1,2436,0.041050903119868636
2023,"Hibias, ocas",1,2436,0.041050903119868636
2023,Macadamia,1,2436,0.041050903119868636
2023,Mangostino,1,2436,0.041050903119868636
2023,Olivo,1,2436,0.041050903119868636
2023,"Otros cultivos para condimentos, bebidas medicinales y aromáticas",1,2436,0.041050903119868636
2024,Papa,237,2488,9.52572347266881
2024,Maíz,196,2488,7.877813504823152
2024,Frijol,169,2488,6.792604501607717
2024,Arveja,168,2488,6.752411575562702
2024,Tomate,120,2488,4.823151125401929
2024,Cebolla de bulbo,95,2488,3.8183279742765275
2024,Yuca,82,2488,3.295819935691318
2024,Caña,66,2488,2.652733118971061
2024,Trigo,57,2488,2.2909967845659165
2024,Aguacate,52,2488,2.090032154340836
2024,Mora,52,2488,2.090032154340836
2024,Arracacha,51,2488,2.04983922829582
2024,Café,50,2488,2.009646302250804
2024,Tomate de árbol,50,2488,2.009646302250804
2024,Zanahoria,46,2488,1.8488745980707395
2024,Haba,44,2488,1.7684887459807075
2024,Otras hortalizas,43,2488,1.7282958199356915
2024,Limón,42,2488,1.6881028938906755
2024,Naranja,41,2488,1.647909967845659
2024,Durazno o albaricoque,39,2488,1.567524115755627
2024,Plátano,39,2488,1.567524115755627
2024,Lulo,36,2488,1.4469453376205788
2024,Cebada,33,2488,1.3263665594855305
2024,Lechuga,30,2488,1.2057877813504823
2024,Habichuela,28,2488,1.1254019292604502
2024,Gulupa o cholupa,27,2488,1.0852090032154342
2024,Ahuyama,26,2488,1.045016077170418
2024,Fresa,26,2488,1.045016077170418
2024,Mandarina,25,2488,1.004823151125402
2024,Cacao,23,2488,0.9244372990353698
2024,Granadilla,22,2488,0.8842443729903537
2024,Pimentón,21,2488,0.8440514469453377
2024,Uchuva,21,2488,0.8440514469453377
2024,Arándano,20,2488,0.8038585209003215
2024,Pepino Guiso,20,2488,0.8038585209003215
2024,Curuba,18,2488,0.7234726688102894
2024,Ciruela,17,2488,0.6832797427652734
2024,Feijoa,17,2488,0.6832797427652734
2024,Guayaba,17,2488,0.6832797427652734
2024,Cilantro,16,2488,0.6430868167202572
2024,Guanábana,16,2488,0.6430868167202572
2024,Manzana,16,2488,0.6430868167202572
2024,Avena,15,2488,0.6028938906752411
2024,"Calabacín, calabaza",15,2488,0.6028938906752411
2024,Cebolla de rama,12,2488,0.482315112540193
2024,Banano,11,2488,0.44212218649517687
2024,Maracuyá,10,2488,0.40192926045016075
2024,Pera,10,2488,0.40192926045016075
2024,Quinua,10,2488,0.40192926045016075
2024,Remolacha,10,2488,0.40192926045016075
2024,Acelga,8,2488,0.3215434083601286
2024,"Malanga, achín, yota, papa china, bore",8,2488,0.3215434083601286
2024,Pepino Cohombro,8,2488,0.3215434083601286
2024,Pitahaya,8,2488,0.3215434083601286
2024,Ajo,7,2488,0.28135048231511256
2024,Brevo,7,2488,0.28135048231511256
2024,Mango,7,2488,0.28135048231511256
2024,Repollo,7,2488,0.28135048231511256
2024,Brócoli,6,2488,0.2411575562700965
2024,Espinaca,6,2488,0.2411575562700965
2024,Maní,6,2488,0.2411575562700965
2024,Uva,6,2488,0.2411575562700965
2024,Zapote,6,2488,0.2411575562700965
2024,Higo,5,2488,0.20096463022508038
2024,Papaya,5,2488,0.20096463022508038
2024,Achira,4,2488,0.1607717041800643
2024,Agraz - mortiño,4,2488,0.1607717041800643
2024,Arazá,4,2488,0.1607717041800643
2024,Chamba,4,2488,0.1607717041800643
2024,Chirimoya,4,2488,0.1607717041800643
2024,Coliflor,4,2488,0.1607717041800643
2024,Fique,4,2488,0.1607717041800643
2024,Guatila,4,2488,0.1607717041800643
2024,Melón,4,2488,0.1607717041800643
2024,Nabo,4,2488,0.1607717041800643
2024,Plantas aromáticas,4,2488,0.1607717041800643
2024,Frambuesa,3,2488,0.12057877813504825
2024,"Hibias, ocas",3,2488,0.12057877813504825
2024,Papayuela -Babaco,3,2488,0.12057877813504825
2024,Sacha inchi,3,2488,0.12057877813504825
2024,Sábila,3,2488,0.12057877813504825
2024,Ají,2,2488,0.08038585209003216
2024,Borojó,2,2488,0.08038585209003216
2024,Garbanzo,2,2488,0.08038585209003216
2024,Guandul,2,2488,0.08038585209003216
2024,Laurel,2,2488,0.08038585209003216
2024,Patilla,2,2488,0.08038585209003216
2024,Tabaco,2,2488,0.08038585209003216
2024,Apio,1,2488,0.04019292604501608
2024,Berenjena,1,2488,0.04019292604501608
2024,Chontaduro,1,2488,0.04019292604501608
2024,Dátil,1,2488,0.04019292604501608
2024,Macadamia,1,2488,0.04019292604501608
2024,Olivo,1,2488,0.04019292604501608
2024,"Otros cultivos para condimentos, bebidas medicinales y aromáticas",1,2488,0.04019292604501608
2024,Piña,1,2488,0.04019292604501608
